--
-- PostgreSQL database dump
--

\restrict czgeWUI8old9TR0sQKeQQWF4cka2O5omrp2pPJuHedcDkvBWNGJAykcjI52WEcp

-- Dumped from database version 18.1
-- Dumped by pg_dump version 18.1

SET statement_timeout = 0;
SET lock_timeout = 0;
SET idle_in_transaction_session_timeout = 0;
SET transaction_timeout = 0;
SET client_encoding = 'UTF8';
SET standard_conforming_strings = on;
SELECT pg_catalog.set_config('search_path', '', false);
SET check_function_bodies = false;
SET xmloption = content;
SET client_min_messages = warning;
SET row_security = off;

SET default_tablespace = '';

SET default_table_access_method = heap;

--
-- Name: auth_group; Type: TABLE; Schema: public; Owner: postgres
--

CREATE TABLE public.auth_group (
    id integer NOT NULL,
    name character varying(150) NOT NULL
);


ALTER TABLE public.auth_group OWNER TO postgres;

--
-- Name: auth_group_id_seq; Type: SEQUENCE; Schema: public; Owner: postgres
--

ALTER TABLE public.auth_group ALTER COLUMN id ADD GENERATED BY DEFAULT AS IDENTITY (
    SEQUENCE NAME public.auth_group_id_seq
    START WITH 1
    INCREMENT BY 1
    NO MINVALUE
    NO MAXVALUE
    CACHE 1
);


--
-- Name: auth_group_permissions; Type: TABLE; Schema: public; Owner: postgres
--

CREATE TABLE public.auth_group_permissions (
    id bigint NOT NULL,
    group_id integer NOT NULL,
    permission_id integer NOT NULL
);


ALTER TABLE public.auth_group_permissions OWNER TO postgres;

--
-- Name: auth_group_permissions_id_seq; Type: SEQUENCE; Schema: public; Owner: postgres
--

ALTER TABLE public.auth_group_permissions ALTER COLUMN id ADD GENERATED BY DEFAULT AS IDENTITY (
    SEQUENCE NAME public.auth_group_permissions_id_seq
    START WITH 1
    INCREMENT BY 1
    NO MINVALUE
    NO MAXVALUE
    CACHE 1
);


--
-- Name: auth_permission; Type: TABLE; Schema: public; Owner: postgres
--

CREATE TABLE public.auth_permission (
    id integer NOT NULL,
    name character varying(255) NOT NULL,
    content_type_id integer NOT NULL,
    codename character varying(100) NOT NULL
);


ALTER TABLE public.auth_permission OWNER TO postgres;

--
-- Name: auth_permission_id_seq; Type: SEQUENCE; Schema: public; Owner: postgres
--

ALTER TABLE public.auth_permission ALTER COLUMN id ADD GENERATED BY DEFAULT AS IDENTITY (
    SEQUENCE NAME public.auth_permission_id_seq
    START WITH 1
    INCREMENT BY 1
    NO MINVALUE
    NO MAXVALUE
    CACHE 1
);


--
-- Name: core_event; Type: TABLE; Schema: public; Owner: postgres
--

CREATE TABLE public.core_event (
    id bigint NOT NULL,
    title character varying(200) NOT NULL,
    description text NOT NULL,
    location character varying(200) NOT NULL,
    start_datetime timestamp with time zone NOT NULL,
    end_datetime timestamp with time zone NOT NULL,
    max_participants integer NOT NULL,
    status character varying(20) NOT NULL,
    created_at timestamp with time zone NOT NULL,
    updated_at timestamp with time zone NOT NULL,
    organizer_id bigint NOT NULL,
    CONSTRAINT core_event_max_participants_check CHECK ((max_participants >= 0))
);


ALTER TABLE public.core_event OWNER TO postgres;

--
-- Name: core_event_id_seq; Type: SEQUENCE; Schema: public; Owner: postgres
--

ALTER TABLE public.core_event ALTER COLUMN id ADD GENERATED BY DEFAULT AS IDENTITY (
    SEQUENCE NAME public.core_event_id_seq
    START WITH 1
    INCREMENT BY 1
    NO MINVALUE
    NO MAXVALUE
    CACHE 1
);


--
-- Name: core_participation; Type: TABLE; Schema: public; Owner: postgres
--

CREATE TABLE public.core_participation (
    id bigint NOT NULL,
    status character varying(20) NOT NULL,
    comments text NOT NULL,
    created_at timestamp with time zone NOT NULL,
    updated_at timestamp with time zone NOT NULL,
    event_id bigint NOT NULL,
    participant_id bigint NOT NULL
);


ALTER TABLE public.core_participation OWNER TO postgres;

--
-- Name: core_participation_id_seq; Type: SEQUENCE; Schema: public; Owner: postgres
--

ALTER TABLE public.core_participation ALTER COLUMN id ADD GENERATED BY DEFAULT AS IDENTITY (
    SEQUENCE NAME public.core_participation_id_seq
    START WITH 1
    INCREMENT BY 1
    NO MINVALUE
    NO MAXVALUE
    CACHE 1
);


--
-- Name: django_admin_log; Type: TABLE; Schema: public; Owner: postgres
--

CREATE TABLE public.django_admin_log (
    id integer NOT NULL,
    action_time timestamp with time zone NOT NULL,
    object_id text,
    object_repr character varying(200) NOT NULL,
    action_flag smallint NOT NULL,
    change_message text NOT NULL,
    content_type_id integer,
    user_id bigint NOT NULL,
    CONSTRAINT django_admin_log_action_flag_check CHECK ((action_flag >= 0))
);


ALTER TABLE public.django_admin_log OWNER TO postgres;

--
-- Name: django_admin_log_id_seq; Type: SEQUENCE; Schema: public; Owner: postgres
--

ALTER TABLE public.django_admin_log ALTER COLUMN id ADD GENERATED BY DEFAULT AS IDENTITY (
    SEQUENCE NAME public.django_admin_log_id_seq
    START WITH 1
    INCREMENT BY 1
    NO MINVALUE
    NO MAXVALUE
    CACHE 1
);


--
-- Name: django_content_type; Type: TABLE; Schema: public; Owner: postgres
--

CREATE TABLE public.django_content_type (
    id integer NOT NULL,
    app_label character varying(100) NOT NULL,
    model character varying(100) NOT NULL
);


ALTER TABLE public.django_content_type OWNER TO postgres;

--
-- Name: django_content_type_id_seq; Type: SEQUENCE; Schema: public; Owner: postgres
--

ALTER TABLE public.django_content_type ALTER COLUMN id ADD GENERATED BY DEFAULT AS IDENTITY (
    SEQUENCE NAME public.django_content_type_id_seq
    START WITH 1
    INCREMENT BY 1
    NO MINVALUE
    NO MAXVALUE
    CACHE 1
);


--
-- Name: django_migrations; Type: TABLE; Schema: public; Owner: postgres
--

CREATE TABLE public.django_migrations (
    id bigint NOT NULL,
    app character varying(255) NOT NULL,
    name character varying(255) NOT NULL,
    applied timestamp with time zone NOT NULL
);


ALTER TABLE public.django_migrations OWNER TO postgres;

--
-- Name: django_migrations_id_seq; Type: SEQUENCE; Schema: public; Owner: postgres
--

ALTER TABLE public.django_migrations ALTER COLUMN id ADD GENERATED BY DEFAULT AS IDENTITY (
    SEQUENCE NAME public.django_migrations_id_seq
    START WITH 1
    INCREMENT BY 1
    NO MINVALUE
    NO MAXVALUE
    CACHE 1
);


--
-- Name: django_session; Type: TABLE; Schema: public; Owner: postgres
--

CREATE TABLE public.django_session (
    session_key character varying(40) NOT NULL,
    session_data text NOT NULL,
    expire_date timestamp with time zone NOT NULL
);


ALTER TABLE public.django_session OWNER TO postgres;

--
-- Name: users_accounts; Type: TABLE; Schema: public; Owner: postgres
--

CREATE TABLE public.users_accounts (
    id bigint NOT NULL,
    password character varying(128) NOT NULL,
    last_login timestamp with time zone,
    is_superuser boolean NOT NULL,
    username character varying(150) NOT NULL,
    first_name character varying(150) NOT NULL,
    last_name character varying(150) NOT NULL,
    email character varying(254) NOT NULL,
    is_staff boolean NOT NULL,
    is_active boolean NOT NULL,
    date_joined timestamp with time zone NOT NULL
);


ALTER TABLE public.users_accounts OWNER TO postgres;

--
-- Name: users_accounts_groups; Type: TABLE; Schema: public; Owner: postgres
--

CREATE TABLE public.users_accounts_groups (
    id bigint NOT NULL,
    accounts_id bigint NOT NULL,
    group_id integer NOT NULL
);


ALTER TABLE public.users_accounts_groups OWNER TO postgres;

--
-- Name: users_accounts_groups_id_seq; Type: SEQUENCE; Schema: public; Owner: postgres
--

ALTER TABLE public.users_accounts_groups ALTER COLUMN id ADD GENERATED BY DEFAULT AS IDENTITY (
    SEQUENCE NAME public.users_accounts_groups_id_seq
    START WITH 1
    INCREMENT BY 1
    NO MINVALUE
    NO MAXVALUE
    CACHE 1
);


--
-- Name: users_accounts_id_seq; Type: SEQUENCE; Schema: public; Owner: postgres
--

ALTER TABLE public.users_accounts ALTER COLUMN id ADD GENERATED BY DEFAULT AS IDENTITY (
    SEQUENCE NAME public.users_accounts_id_seq
    START WITH 1
    INCREMENT BY 1
    NO MINVALUE
    NO MAXVALUE
    CACHE 1
);


--
-- Name: users_accounts_user_permissions; Type: TABLE; Schema: public; Owner: postgres
--

CREATE TABLE public.users_accounts_user_permissions (
    id bigint NOT NULL,
    accounts_id bigint NOT NULL,
    permission_id integer NOT NULL
);


ALTER TABLE public.users_accounts_user_permissions OWNER TO postgres;

--
-- Name: users_accounts_user_permissions_id_seq; Type: SEQUENCE; Schema: public; Owner: postgres
--

ALTER TABLE public.users_accounts_user_permissions ALTER COLUMN id ADD GENERATED BY DEFAULT AS IDENTITY (
    SEQUENCE NAME public.users_accounts_user_permissions_id_seq
    START WITH 1
    INCREMENT BY 1
    NO MINVALUE
    NO MAXVALUE
    CACHE 1
);


--
-- Data for Name: auth_group; Type: TABLE DATA; Schema: public; Owner: postgres
--

COPY public.auth_group (id, name) FROM stdin;
\.


--
-- Data for Name: auth_group_permissions; Type: TABLE DATA; Schema: public; Owner: postgres
--

COPY public.auth_group_permissions (id, group_id, permission_id) FROM stdin;
\.


--
-- Data for Name: auth_permission; Type: TABLE DATA; Schema: public; Owner: postgres
--

COPY public.auth_permission (id, name, content_type_id, codename) FROM stdin;
1	Can add log entry	1	add_logentry
2	Can change log entry	1	change_logentry
3	Can delete log entry	1	delete_logentry
4	Can view log entry	1	view_logentry
5	Can add permission	3	add_permission
6	Can change permission	3	change_permission
7	Can delete permission	3	delete_permission
8	Can view permission	3	view_permission
9	Can add group	2	add_group
10	Can change group	2	change_group
11	Can delete group	2	delete_group
12	Can view group	2	view_group
13	Can add content type	4	add_contenttype
14	Can change content type	4	change_contenttype
15	Can delete content type	4	delete_contenttype
16	Can view content type	4	view_contenttype
17	Can add session	5	add_session
18	Can change session	5	change_session
19	Can delete session	5	delete_session
20	Can view session	5	view_session
21	Can add user	6	add_accounts
22	Can change user	6	change_accounts
23	Can delete user	6	delete_accounts
24	Can view user	6	view_accounts
25	Can add Événement	7	add_event
26	Can change Événement	7	change_event
27	Can delete Événement	7	delete_event
28	Can view Événement	7	view_event
29	Can add Participation	8	add_participation
30	Can change Participation	8	change_participation
31	Can delete Participation	8	delete_participation
32	Can view Participation	8	view_participation
\.


--
-- Data for Name: core_event; Type: TABLE DATA; Schema: public; Owner: postgres
--

COPY public.core_event (id, title, description, location, start_datetime, end_datetime, max_participants, status, created_at, updated_at, organizer_id) FROM stdin;
\.


--
-- Data for Name: core_participation; Type: TABLE DATA; Schema: public; Owner: postgres
--

COPY public.core_participation (id, status, comments, created_at, updated_at, event_id, participant_id) FROM stdin;
\.


--
-- Data for Name: django_admin_log; Type: TABLE DATA; Schema: public; Owner: postgres
--

COPY public.django_admin_log (id, action_time, object_id, object_repr, action_flag, change_message, content_type_id, user_id) FROM stdin;
\.


--
-- Data for Name: django_content_type; Type: TABLE DATA; Schema: public; Owner: postgres
--

COPY public.django_content_type (id, app_label, model) FROM stdin;
1	admin	logentry
2	auth	group
3	auth	permission
4	contenttypes	contenttype
5	sessions	session
6	users	accounts
7	core	event
8	core	participation
\.


--
-- Data for Name: django_migrations; Type: TABLE DATA; Schema: public; Owner: postgres
--

COPY public.django_migrations (id, app, name, applied) FROM stdin;
1	contenttypes	0001_initial	2025-12-15 13:43:49.449155+00
2	contenttypes	0002_remove_content_type_name	2025-12-15 13:43:49.461393+00
3	auth	0001_initial	2025-12-15 13:43:49.526919+00
4	auth	0002_alter_permission_name_max_length	2025-12-15 13:43:49.532539+00
5	auth	0003_alter_user_email_max_length	2025-12-15 13:43:49.537285+00
6	auth	0004_alter_user_username_opts	2025-12-15 13:43:49.542013+00
7	auth	0005_alter_user_last_login_null	2025-12-15 13:43:49.549516+00
8	auth	0006_require_contenttypes_0002	2025-12-15 13:43:49.550888+00
9	auth	0007_alter_validators_add_error_messages	2025-12-15 13:43:49.559024+00
10	auth	0008_alter_user_username_max_length	2025-12-15 13:43:49.565758+00
11	auth	0009_alter_user_last_name_max_length	2025-12-15 13:43:49.574821+00
12	auth	0010_alter_group_name_max_length	2025-12-15 13:43:49.586264+00
13	auth	0011_update_proxy_permissions	2025-12-15 13:43:49.596165+00
14	auth	0012_alter_user_first_name_max_length	2025-12-15 13:43:49.602889+00
15	users	0001_initial	2025-12-15 13:43:49.677329+00
16	admin	0001_initial	2025-12-15 13:43:49.714566+00
17	admin	0002_logentry_remove_auto_add	2025-12-15 13:43:49.725288+00
18	admin	0003_logentry_add_action_flag_choices	2025-12-15 13:43:49.734737+00
19	core	0001_initial	2025-12-15 13:43:49.842716+00
20	sessions	0001_initial	2025-12-15 13:43:49.862252+00
\.


--
-- Data for Name: django_session; Type: TABLE DATA; Schema: public; Owner: postgres
--

COPY public.django_session (session_key, session_data, expire_date) FROM stdin;
\.


--
-- Data for Name: users_accounts; Type: TABLE DATA; Schema: public; Owner: postgres
--

COPY public.users_accounts (id, password, last_login, is_superuser, username, first_name, last_name, email, is_staff, is_active, date_joined) FROM stdin;
\.


--
-- Data for Name: users_accounts_groups; Type: TABLE DATA; Schema: public; Owner: postgres
--

COPY public.users_accounts_groups (id, accounts_id, group_id) FROM stdin;
\.


--
-- Data for Name: users_accounts_user_permissions; Type: TABLE DATA; Schema: public; Owner: postgres
--

COPY public.users_accounts_user_permissions (id, accounts_id, permission_id) FROM stdin;
\.


--
-- Name: auth_group_id_seq; Type: SEQUENCE SET; Schema: public; Owner: postgres
--

SELECT pg_catalog.setval('public.auth_group_id_seq', 1, false);


--
-- Name: auth_group_permissions_id_seq; Type: SEQUENCE SET; Schema: public; Owner: postgres
--

SELECT pg_catalog.setval('public.auth_group_permissions_id_seq', 1, false);


--
-- Name: auth_permission_id_seq; Type: SEQUENCE SET; Schema: public; Owner: postgres
--

SELECT pg_catalog.setval('public.auth_permission_id_seq', 32, true);


--
-- Name: core_event_id_seq; Type: SEQUENCE SET; Schema: public; Owner: postgres
--

SELECT pg_catalog.setval('public.core_event_id_seq', 1, false);


--
-- Name: core_participation_id_seq; Type: SEQUENCE SET; Schema: public; Owner: postgres
--

SELECT pg_catalog.setval('public.core_participation_id_seq', 1, false);


--
-- Name: django_admin_log_id_seq; Type: SEQUENCE SET; Schema: public; Owner: postgres
--

SELECT pg_catalog.setval('public.django_admin_log_id_seq', 1, false);


--
-- Name: django_content_type_id_seq; Type: SEQUENCE SET; Schema: public; Owner: postgres
--

SELECT pg_catalog.setval('public.django_content_type_id_seq', 8, true);


--
-- Name: django_migrations_id_seq; Type: SEQUENCE SET; Schema: public; Owner: postgres
--

SELECT pg_catalog.setval('public.django_migrations_id_seq', 20, true);


--
-- Name: users_accounts_groups_id_seq; Type: SEQUENCE SET; Schema: public; Owner: postgres
--

SELECT pg_catalog.setval('public.users_accounts_groups_id_seq', 1, false);


--
-- Name: users_accounts_id_seq; Type: SEQUENCE SET; Schema: public; Owner: postgres
--

SELECT pg_catalog.setval('public.users_accounts_id_seq', 1, false);


--
-- Name: users_accounts_user_permissions_id_seq; Type: SEQUENCE SET; Schema: public; Owner: postgres
--

SELECT pg_catalog.setval('public.users_accounts_user_permissions_id_seq', 1, false);


--
-- Name: auth_group auth_group_name_key; Type: CONSTRAINT; Schema: public; Owner: postgres
--

ALTER TABLE ONLY public.auth_group
    ADD CONSTRAINT auth_group_name_key UNIQUE (name);


--
-- Name: auth_group_permissions auth_group_permissions_group_id_permission_id_0cd325b0_uniq; Type: CONSTRAINT; Schema: public; Owner: postgres
--

ALTER TABLE ONLY public.auth_group_permissions
    ADD CONSTRAINT auth_group_permissions_group_id_permission_id_0cd325b0_uniq UNIQUE (group_id, permission_id);


--
-- Name: auth_group_permissions auth_group_permissions_pkey; Type: CONSTRAINT; Schema: public; Owner: postgres
--

ALTER TABLE ONLY public.auth_group_permissions
    ADD CONSTRAINT auth_group_permissions_pkey PRIMARY KEY (id);


--
-- Name: auth_group auth_group_pkey; Type: CONSTRAINT; Schema: public; Owner: postgres
--

ALTER TABLE ONLY public.auth_group
    ADD CONSTRAINT auth_group_pkey PRIMARY KEY (id);


--
-- Name: auth_permission auth_permission_content_type_id_codename_01ab375a_uniq; Type: CONSTRAINT; Schema: public; Owner: postgres
--

ALTER TABLE ONLY public.auth_permission
    ADD CONSTRAINT auth_permission_content_type_id_codename_01ab375a_uniq UNIQUE (content_type_id, codename);


--
-- Name: auth_permission auth_permission_pkey; Type: CONSTRAINT; Schema: public; Owner: postgres
--

ALTER TABLE ONLY public.auth_permission
    ADD CONSTRAINT auth_permission_pkey PRIMARY KEY (id);


--
-- Name: core_event core_event_pkey; Type: CONSTRAINT; Schema: public; Owner: postgres
--

ALTER TABLE ONLY public.core_event
    ADD CONSTRAINT core_event_pkey PRIMARY KEY (id);


--
-- Name: core_participation core_participation_event_id_participant_id_17bf389b_uniq; Type: CONSTRAINT; Schema: public; Owner: postgres
--

ALTER TABLE ONLY public.core_participation
    ADD CONSTRAINT core_participation_event_id_participant_id_17bf389b_uniq UNIQUE (event_id, participant_id);


--
-- Name: core_participation core_participation_pkey; Type: CONSTRAINT; Schema: public; Owner: postgres
--

ALTER TABLE ONLY public.core_participation
    ADD CONSTRAINT core_participation_pkey PRIMARY KEY (id);


--
-- Name: django_admin_log django_admin_log_pkey; Type: CONSTRAINT; Schema: public; Owner: postgres
--

ALTER TABLE ONLY public.django_admin_log
    ADD CONSTRAINT django_admin_log_pkey PRIMARY KEY (id);


--
-- Name: django_content_type django_content_type_app_label_model_76bd3d3b_uniq; Type: CONSTRAINT; Schema: public; Owner: postgres
--

ALTER TABLE ONLY public.django_content_type
    ADD CONSTRAINT django_content_type_app_label_model_76bd3d3b_uniq UNIQUE (app_label, model);


--
-- Name: django_content_type django_content_type_pkey; Type: CONSTRAINT; Schema: public; Owner: postgres
--

ALTER TABLE ONLY public.django_content_type
    ADD CONSTRAINT django_content_type_pkey PRIMARY KEY (id);


--
-- Name: django_migrations django_migrations_pkey; Type: CONSTRAINT; Schema: public; Owner: postgres
--

ALTER TABLE ONLY public.django_migrations
    ADD CONSTRAINT django_migrations_pkey PRIMARY KEY (id);


--
-- Name: django_session django_session_pkey; Type: CONSTRAINT; Schema: public; Owner: postgres
--

ALTER TABLE ONLY public.django_session
    ADD CONSTRAINT django_session_pkey PRIMARY KEY (session_key);


--
-- Name: users_accounts_groups users_accounts_groups_accounts_id_group_id_28dc7bdc_uniq; Type: CONSTRAINT; Schema: public; Owner: postgres
--

ALTER TABLE ONLY public.users_accounts_groups
    ADD CONSTRAINT users_accounts_groups_accounts_id_group_id_28dc7bdc_uniq UNIQUE (accounts_id, group_id);


--
-- Name: users_accounts_groups users_accounts_groups_pkey; Type: CONSTRAINT; Schema: public; Owner: postgres
--

ALTER TABLE ONLY public.users_accounts_groups
    ADD CONSTRAINT users_accounts_groups_pkey PRIMARY KEY (id);


--
-- Name: users_accounts users_accounts_pkey; Type: CONSTRAINT; Schema: public; Owner: postgres
--

ALTER TABLE ONLY public.users_accounts
    ADD CONSTRAINT users_accounts_pkey PRIMARY KEY (id);


--
-- Name: users_accounts_user_permissions users_accounts_user_perm_accounts_id_permission_i_ab1af03d_uniq; Type: CONSTRAINT; Schema: public; Owner: postgres
--

ALTER TABLE ONLY public.users_accounts_user_permissions
    ADD CONSTRAINT users_accounts_user_perm_accounts_id_permission_i_ab1af03d_uniq UNIQUE (accounts_id, permission_id);


--
-- Name: users_accounts_user_permissions users_accounts_user_permissions_pkey; Type: CONSTRAINT; Schema: public; Owner: postgres
--

ALTER TABLE ONLY public.users_accounts_user_permissions
    ADD CONSTRAINT users_accounts_user_permissions_pkey PRIMARY KEY (id);


--
-- Name: users_accounts users_accounts_username_key; Type: CONSTRAINT; Schema: public; Owner: postgres
--

ALTER TABLE ONLY public.users_accounts
    ADD CONSTRAINT users_accounts_username_key UNIQUE (username);


--
-- Name: auth_group_name_a6ea08ec_like; Type: INDEX; Schema: public; Owner: postgres
--

CREATE INDEX auth_group_name_a6ea08ec_like ON public.auth_group USING btree (name varchar_pattern_ops);


--
-- Name: auth_group_permissions_group_id_b120cbf9; Type: INDEX; Schema: public; Owner: postgres
--

CREATE INDEX auth_group_permissions_group_id_b120cbf9 ON public.auth_group_permissions USING btree (group_id);


--
-- Name: auth_group_permissions_permission_id_84c5c92e; Type: INDEX; Schema: public; Owner: postgres
--

CREATE INDEX auth_group_permissions_permission_id_84c5c92e ON public.auth_group_permissions USING btree (permission_id);


--
-- Name: auth_permission_content_type_id_2f476e4b; Type: INDEX; Schema: public; Owner: postgres
--

CREATE INDEX auth_permission_content_type_id_2f476e4b ON public.auth_permission USING btree (content_type_id);


--
-- Name: core_event_organiz_d4cb56_idx; Type: INDEX; Schema: public; Owner: postgres
--

CREATE INDEX core_event_organiz_d4cb56_idx ON public.core_event USING btree (organizer_id);


--
-- Name: core_event_organizer_id_77786d2e; Type: INDEX; Schema: public; Owner: postgres
--

CREATE INDEX core_event_organizer_id_77786d2e ON public.core_event USING btree (organizer_id);


--
-- Name: core_event_start_d_08cb0b_idx; Type: INDEX; Schema: public; Owner: postgres
--

CREATE INDEX core_event_start_d_08cb0b_idx ON public.core_event USING btree (start_datetime, end_datetime);


--
-- Name: core_event_status_10b7b9_idx; Type: INDEX; Schema: public; Owner: postgres
--

CREATE INDEX core_event_status_10b7b9_idx ON public.core_event USING btree (status);


--
-- Name: core_participation_event_id_1ce66583; Type: INDEX; Schema: public; Owner: postgres
--

CREATE INDEX core_participation_event_id_1ce66583 ON public.core_participation USING btree (event_id);


--
-- Name: core_participation_participant_id_a3c6f5a8; Type: INDEX; Schema: public; Owner: postgres
--

CREATE INDEX core_participation_participant_id_a3c6f5a8 ON public.core_participation USING btree (participant_id);


--
-- Name: django_admin_log_content_type_id_c4bce8eb; Type: INDEX; Schema: public; Owner: postgres
--

CREATE INDEX django_admin_log_content_type_id_c4bce8eb ON public.django_admin_log USING btree (content_type_id);


--
-- Name: django_admin_log_user_id_c564eba6; Type: INDEX; Schema: public; Owner: postgres
--

CREATE INDEX django_admin_log_user_id_c564eba6 ON public.django_admin_log USING btree (user_id);


--
-- Name: django_session_expire_date_a5c62663; Type: INDEX; Schema: public; Owner: postgres
--

CREATE INDEX django_session_expire_date_a5c62663 ON public.django_session USING btree (expire_date);


--
-- Name: django_session_session_key_c0390e0f_like; Type: INDEX; Schema: public; Owner: postgres
--

CREATE INDEX django_session_session_key_c0390e0f_like ON public.django_session USING btree (session_key varchar_pattern_ops);


--
-- Name: users_accounts_groups_accounts_id_15f353e1; Type: INDEX; Schema: public; Owner: postgres
--

CREATE INDEX users_accounts_groups_accounts_id_15f353e1 ON public.users_accounts_groups USING btree (accounts_id);


--
-- Name: users_accounts_groups_group_id_05bb7fcb; Type: INDEX; Schema: public; Owner: postgres
--

CREATE INDEX users_accounts_groups_group_id_05bb7fcb ON public.users_accounts_groups USING btree (group_id);


--
-- Name: users_accounts_user_permissions_accounts_id_b11ad754; Type: INDEX; Schema: public; Owner: postgres
--

CREATE INDEX users_accounts_user_permissions_accounts_id_b11ad754 ON public.users_accounts_user_permissions USING btree (accounts_id);


--
-- Name: users_accounts_user_permissions_permission_id_8a84a1a0; Type: INDEX; Schema: public; Owner: postgres
--

CREATE INDEX users_accounts_user_permissions_permission_id_8a84a1a0 ON public.users_accounts_user_permissions USING btree (permission_id);


--
-- Name: users_accounts_username_a0d47b19_like; Type: INDEX; Schema: public; Owner: postgres
--

CREATE INDEX users_accounts_username_a0d47b19_like ON public.users_accounts USING btree (username varchar_pattern_ops);


--
-- Name: auth_group_permissions auth_group_permissio_permission_id_84c5c92e_fk_auth_perm; Type: FK CONSTRAINT; Schema: public; Owner: postgres
--

ALTER TABLE ONLY public.auth_group_permissions
    ADD CONSTRAINT auth_group_permissio_permission_id_84c5c92e_fk_auth_perm FOREIGN KEY (permission_id) REFERENCES public.auth_permission(id) DEFERRABLE INITIALLY DEFERRED;


--
-- Name: auth_group_permissions auth_group_permissions_group_id_b120cbf9_fk_auth_group_id; Type: FK CONSTRAINT; Schema: public; Owner: postgres
--

ALTER TABLE ONLY public.auth_group_permissions
    ADD CONSTRAINT auth_group_permissions_group_id_b120cbf9_fk_auth_group_id FOREIGN KEY (group_id) REFERENCES public.auth_group(id) DEFERRABLE INITIALLY DEFERRED;


--
-- Name: auth_permission auth_permission_content_type_id_2f476e4b_fk_django_co; Type: FK CONSTRAINT; Schema: public; Owner: postgres
--

ALTER TABLE ONLY public.auth_permission
    ADD CONSTRAINT auth_permission_content_type_id_2f476e4b_fk_django_co FOREIGN KEY (content_type_id) REFERENCES public.django_content_type(id) DEFERRABLE INITIALLY DEFERRED;


--
-- Name: core_event core_event_organizer_id_77786d2e_fk_users_accounts_id; Type: FK CONSTRAINT; Schema: public; Owner: postgres
--

ALTER TABLE ONLY public.core_event
    ADD CONSTRAINT core_event_organizer_id_77786d2e_fk_users_accounts_id FOREIGN KEY (organizer_id) REFERENCES public.users_accounts(id) DEFERRABLE INITIALLY DEFERRED;


--
-- Name: core_participation core_participation_event_id_1ce66583_fk_core_event_id; Type: FK CONSTRAINT; Schema: public; Owner: postgres
--

ALTER TABLE ONLY public.core_participation
    ADD CONSTRAINT core_participation_event_id_1ce66583_fk_core_event_id FOREIGN KEY (event_id) REFERENCES public.core_event(id) DEFERRABLE INITIALLY DEFERRED;


--
-- Name: core_participation core_participation_participant_id_a3c6f5a8_fk_users_accounts_id; Type: FK CONSTRAINT; Schema: public; Owner: postgres
--

ALTER TABLE ONLY public.core_participation
    ADD CONSTRAINT core_participation_participant_id_a3c6f5a8_fk_users_accounts_id FOREIGN KEY (participant_id) REFERENCES public.users_accounts(id) DEFERRABLE INITIALLY DEFERRED;


--
-- Name: django_admin_log django_admin_log_content_type_id_c4bce8eb_fk_django_co; Type: FK CONSTRAINT; Schema: public; Owner: postgres
--

ALTER TABLE ONLY public.django_admin_log
    ADD CONSTRAINT django_admin_log_content_type_id_c4bce8eb_fk_django_co FOREIGN KEY (content_type_id) REFERENCES public.django_content_type(id) DEFERRABLE INITIALLY DEFERRED;


--
-- Name: django_admin_log django_admin_log_user_id_c564eba6_fk_users_accounts_id; Type: FK CONSTRAINT; Schema: public; Owner: postgres
--

ALTER TABLE ONLY public.django_admin_log
    ADD CONSTRAINT django_admin_log_user_id_c564eba6_fk_users_accounts_id FOREIGN KEY (user_id) REFERENCES public.users_accounts(id) DEFERRABLE INITIALLY DEFERRED;


--
-- Name: users_accounts_groups users_accounts_groups_accounts_id_15f353e1_fk_users_accounts_id; Type: FK CONSTRAINT; Schema: public; Owner: postgres
--

ALTER TABLE ONLY public.users_accounts_groups
    ADD CONSTRAINT users_accounts_groups_accounts_id_15f353e1_fk_users_accounts_id FOREIGN KEY (accounts_id) REFERENCES public.users_accounts(id) DEFERRABLE INITIALLY DEFERRED;


--
-- Name: users_accounts_groups users_accounts_groups_group_id_05bb7fcb_fk_auth_group_id; Type: FK CONSTRAINT; Schema: public; Owner: postgres
--

ALTER TABLE ONLY public.users_accounts_groups
    ADD CONSTRAINT users_accounts_groups_group_id_05bb7fcb_fk_auth_group_id FOREIGN KEY (group_id) REFERENCES public.auth_group(id) DEFERRABLE INITIALLY DEFERRED;


--
-- Name: users_accounts_user_permissions users_accounts_user__accounts_id_b11ad754_fk_users_acc; Type: FK CONSTRAINT; Schema: public; Owner: postgres
--

ALTER TABLE ONLY public.users_accounts_user_permissions
    ADD CONSTRAINT users_accounts_user__accounts_id_b11ad754_fk_users_acc FOREIGN KEY (accounts_id) REFERENCES public.users_accounts(id) DEFERRABLE INITIALLY DEFERRED;


--
-- Name: users_accounts_user_permissions users_accounts_user__permission_id_8a84a1a0_fk_auth_perm; Type: FK CONSTRAINT; Schema: public; Owner: postgres
--

ALTER TABLE ONLY public.users_accounts_user_permissions
    ADD CONSTRAINT users_accounts_user__permission_id_8a84a1a0_fk_auth_perm FOREIGN KEY (permission_id) REFERENCES public.auth_permission(id) DEFERRABLE INITIALLY DEFERRED;


--
-- PostgreSQL database dump complete
--

\unrestrict czgeWUI8old9TR0sQKeQQWF4cka2O5omrp2pPJuHedcDkvBWNGJAykcjI52WEcp

